headline,summary,link
CBSE cuts syllabus by 30% for classes 9 to 12 - The Hindu,"Tue, 07 Jul 2020 14:35:47 GMT",https://news.google.com/__i/rss/rd/articles/CBMiZ2h0dHBzOi8vd3d3LnRoZWhpbmR1LmNvbS9uZXdzL25hdGlvbmFsL2Nic2UtY3V0cy1zeWxsYWJ1cy1ieS0zMC1mb3ItY2xhc3Nlcy05LXRvLTEyL2FydGljbGUzMjAxNDM3OC5lY2XSAWxodHRwczovL3d3dy50aGVoaW5kdS5jb20vbmV3cy9uYXRpb25hbC9jYnNlLWN1dHMtc3lsbGFidXMtYnktMzAtZm9yLWNsYXNzZXMtOS10by0xMi9hcnRpY2xlMzIwMTQzNzguZWNlL2FtcC8?oc=5
UAE embassy says diplomats had no role in gold smuggling case - Hindustan Times,"Tue, 07 Jul 2020 13:52:00 GMT",https://news.google.com/__i/rss/rd/articles/CBMiiQFodHRwczovL3d3dy5oaW5kdXN0YW50aW1lcy5jb20vaW5kaWEtbmV3cy91YWUtZW1iYXNzeS1zYXlzLWRpcGxvbWF0cy1oYWQtbm8tcm9sZS1pbi1nb2xkLXNtdWdnbGluZy1jYXNlL3N0b3J5LUQ3S1RXVnpEWDhKeDZYRlMwTlFJbU0uaHRtbNIBiwFodHRwczovL20uaGluZHVzdGFudGltZXMuY29tL2luZGlhLW5ld3MvdWFlLWVtYmFzc3ktc2F5cy1kaXBsb21hdHMtaGFkLW5vLXJvbGUtaW4tZ29sZC1zbXVnZ2xpbmctY2FzZS9zdG9yeS1EN0tUV1Z6RFg4Sng2WEZTME5RSW1NX2FtcC5odG1s?oc=5
Coronavirus vaccine COVAXIN update: Human trial process starts at Hyderabad's NIMS - Livemint,"Tue, 07 Jul 2020 16:40:51 GMT",https://news.google.com/__i/rss/rd/articles/CBMijgFodHRwczovL3d3dy5saXZlbWludC5jb20vbmV3cy9pbmRpYS9jb3JvbmF2aXJ1cy12YWNjaW5lLWNvdmF4aW4tdXBkYXRlLWh1bWFuLXRyaWFsLXByb2Nlc3MtaGFzLXN0YXJ0ZWQtYXQtaHlkZXJhYmFkLXMtbmltcy0xMTU5NDEyOTkyNDU2Ni5odG1s0gGSAWh0dHBzOi8vd3d3LmxpdmVtaW50LmNvbS9uZXdzL2luZGlhL2Nvcm9uYXZpcnVzLXZhY2NpbmUtY292YXhpbi11cGRhdGUtaHVtYW4tdHJpYWwtcHJvY2Vzcy1oYXMtc3RhcnRlZC1hdC1oeWRlcmFiYWQtcy1uaW1zL2FtcC0xMTU5NDEyOTkyNDU2Ni5odG1s?oc=5
"Disengaging along LAC, a fake cricket league fools thousands, China-Bhutan border dispute - The Indian Express","Tue, 07 Jul 2020 00:44:35 GMT",https://news.google.com/__i/rss/rd/articles/CBMiiQFodHRwczovL2luZGlhbmV4cHJlc3MuY29tL2F1ZGlvLzMtdGhpbmdzL2Rpc2VuZ2FnaW5nLWFsb25nLWxhYy1hLWZha2UtY3JpY2tldC1sZWFndWUtZm9vbHMtdGhvdXNhbmRzLWNoaW5hLWJodXRhbi1ib3JkZXItZGlzcHV0ZS82NDkzMjQ5L9IBAA?oc=5
'Why did BJP govt agree to move back 1.8 km?' Congress’ sharp attack at Centre over Galwan pullback - Times Now,"Tue, 07 Jul 2020 05:39:57 GMT",https://news.google.com/__i/rss/rd/articles/CBMikQFodHRwczovL3d3dy50aW1lc25vd25ld3MuY29tL2luZGlhL2FydGljbGUvd2h5LWRpZC1ianAtZ292dC1hZ3JlZS10by1tb3ZlLWJhY2stMS04LWttLWNvbmdyZXNzLXNoYXJwLWF0dGFjay1hdC1jZW50cmUtb3Zlci1nYWx3YW4tcHVsbGJhY2svNjE3NTU30gGVAWh0dHBzOi8vd3d3LnRpbWVzbm93bmV3cy5jb20vYW1wL2luZGlhL2FydGljbGUvd2h5LWRpZC1ianAtZ292dC1hZ3JlZS10by1tb3ZlLWJhY2stMS04LWttLWNvbmdyZXNzLXNoYXJwLWF0dGFjay1hdC1jZW50cmUtb3Zlci1nYWx3YW4tcHVsbGJhY2svNjE3NTU3?oc=5
"Chinese Troops Withdraw 2 km In Galwan Valley, Show New Satellite Images - NDTV","Tue, 07 Jul 2020 16:07:30 GMT",https://news.google.com/__i/rss/rd/articles/CBMib2h0dHBzOi8vd3d3Lm5kdHYuY29tL2luZGlhLW5ld3MvY2hpbmVzZS10cm9vcHMtd2l0aGRyYXctMi1rbS1pbi1nYWx3YW4tdmFsbGV5LXNob3ctbmV3LXNhdGVsbGl0ZS1pbWFnZXMtMjI1ODc5NtIBhAFodHRwczovL3d3dy5uZHR2LmNvbS9pbmRpYS1uZXdzL2NoaW5lc2UtdHJvb3BzLXdpdGhkcmF3LTIta20taW4tZ2Fsd2FuLXZhbGxleS1zaG93LW5ldy1zYXRlbGxpdGUtaW1hZ2VzLTIyNTg3OTY_YW1wPTEmYWthbWFpLXJ1bT1vZmY?oc=5
Ordeal of people with ‘false’ COVID-19 positive cases in Kashmir - The Hindu,"Mon, 06 Jul 2020 13:20:38 GMT",https://news.google.com/__i/rss/rd/articles/CBMihgFodHRwczovL3d3dy50aGVoaW5kdS5jb20vbmV3cy9uYXRpb25hbC9vdGhlci1zdGF0ZXMvb3JkZWFsLW9mLXBlb3BsZS13aXRoLWZhbHNlLWNvdmlkLTE5LXBvc2l0aXZlLWNhc2VzLWluLWthc2htaXIvYXJ0aWNsZTMyMDA0MDUyLmVjZdIBiwFodHRwczovL3d3dy50aGVoaW5kdS5jb20vbmV3cy9uYXRpb25hbC9vdGhlci1zdGF0ZXMvb3JkZWFsLW9mLXBlb3BsZS13aXRoLWZhbHNlLWNvdmlkLTE5LXBvc2l0aXZlLWNhc2VzLWluLWthc2htaXIvYXJ0aWNsZTMyMDA0MDUyLmVjZS9hbXAv?oc=5
Govt Committee Recommends Moving LG Polymers Plant Hit by Gas Leak in Vizag That Killed 12 - News18,"Tue, 07 Jul 2020 05:04:37 GMT",https://news.google.com/__i/rss/rd/articles/CBMihgFodHRwczovL3d3dy5uZXdzMTguY29tL25ld3MvaW5kaWEvZ292dC1jb21taXR0ZWUtcmVjb21tZW5kcy1tb3ZpbmctbGctcG9seW1lcnMtcGxhbnQtaGl0LWJ5LXZpemFnLWdhcy1sZWFrLXRoYXQta2lsbGVkLTEyLTI3MDQ1OTkuaHRtbNIBigFodHRwczovL3d3dy5uZXdzMTguY29tL2FtcC9uZXdzL2luZGlhL2dvdnQtY29tbWl0dGVlLXJlY29tbWVuZHMtbW92aW5nLWxnLXBvbHltZXJzLXBsYW50LWhpdC1ieS12aXphZy1nYXMtbGVhay10aGF0LWtpbGxlZC0xMi0yNzA0NTk5Lmh0bWw?oc=5
COVID-19 Patient's Body Dumped Outside Bhopal Hospital. Shocker On CCTV - NDTV,"Tue, 07 Jul 2020 08:45:09 GMT",https://news.google.com/__i/rss/rd/articles/CBMib2h0dHBzOi8vd3d3Lm5kdHYuY29tL2Job3BhbC1uZXdzL2NvdmlkLTE5LXBhdGllbnQtcy1ib2R5LWR1bXBlZC1vdXRzaWRlLWJob3BhbC1ob3NwaXRhbC1zaG9ja2VyLW9uLWNjdHYtMjI1ODQ4ONIBhAFodHRwczovL3d3dy5uZHR2LmNvbS9iaG9wYWwtbmV3cy9jb3ZpZC0xOS1wYXRpZW50LXMtYm9keS1kdW1wZWQtb3V0c2lkZS1iaG9wYWwtaG9zcGl0YWwtc2hvY2tlci1vbi1jY3R2LTIyNTg0ODg_YW1wPTEmYWthbWFpLXJ1bT1vZmY?oc=5
"Exclusive: Will resign if NCP sends us back to Shiv Sena, say Parner corporators - Times Now","Tue, 07 Jul 2020 10:16:08 GMT",https://news.google.com/__i/rss/rd/articles/CBMifGh0dHBzOi8vd3d3LnRpbWVzbm93bmV3cy5jb20vaW5kaWEvYXJ0aWNsZS9leGNsdXNpdmUtd2lsbC1yZXNpZ24taWYtbmNwLXNlbmRzLXVzLWJhY2stdG8tc2hpdi1zZW5hLXBhcm5lci1jb3Jwb3JhdG9ycy82MTc3MjnSAYABaHR0cHM6Ly93d3cudGltZXNub3duZXdzLmNvbS9hbXAvaW5kaWEvYXJ0aWNsZS9leGNsdXNpdmUtd2lsbC1yZXNpZ24taWYtbmNwLXNlbmRzLXVzLWJhY2stdG8tc2hpdi1zZW5hLXBhcm5lci1jb3Jwb3JhdG9ycy82MTc3Mjk?oc=5
"Human trials of Covaxin, India’s first Covid-19 vaccine, to begin soon: All you need to know - Hindustan Times","Tue, 07 Jul 2020 05:13:12 GMT",https://news.google.com/__i/rss/rd/articles/CBMipQFodHRwczovL3d3dy5oaW5kdXN0YW50aW1lcy5jb20vaW5kaWEtbmV3cy9odW1hbi10cmlhbHMtb2YtY292YXhpbi1pbmRpYS1zLWZpcnN0LWNvdmlkLTE5LXZhY2NpbmUtdG8tYmVnaW4tc29vbi1hbGwteW91LW5lZWQtdG8ta25vdy9zdG9yeS1QQmlyZ2oxNVptNFVtR0trejVWbVJMLmh0bWzSAacBaHR0cHM6Ly9tLmhpbmR1c3RhbnRpbWVzLmNvbS9pbmRpYS1uZXdzL2h1bWFuLXRyaWFscy1vZi1jb3ZheGluLWluZGlhLXMtZmlyc3QtY292aWQtMTktdmFjY2luZS10by1iZWdpbi1zb29uLWFsbC15b3UtbmVlZC10by1rbm93L3N0b3J5LVBCaXJnajE1Wm00VW1HS2t6NVZtUkxfYW1wLmh0bWw?oc=5
Brazil President Jair Bolsonaro Tests Positive For Coronavirus - NDTV,"Tue, 07 Jul 2020 16:25:59 GMT",https://news.google.com/__i/rss/rd/articles/CBMidmh0dHBzOi8vd3d3Lm5kdHYuY29tL3dvcmxkLW5ld3MvYnJhemlsLXByZXNpZGVudC1qYWlyLWJvbHNvbmFyby10ZXN0cy1wb3NpdGl2ZS1mb3ItY29yb25hdmlydXMtbmV3cy1hZ2VuY3ktYWZwLTIyNTg3OTLSAYsBaHR0cHM6Ly93d3cubmR0di5jb20vd29ybGQtbmV3cy9icmF6aWwtcHJlc2lkZW50LWphaXItYm9sc29uYXJvLXRlc3RzLXBvc2l0aXZlLWZvci1jb3JvbmF2aXJ1cy1uZXdzLWFnZW5jeS1hZnAtMjI1ODc5Mj9hbXA9MSZha2FtYWktcnVtPW9mZg?oc=5
"As Nepal PM Oli faces calls to step down, China to his rescue? - Times of India","Tue, 07 Jul 2020 17:28:36 GMT",https://news.google.com/__i/rss/rd/articles/CBMiigFodHRwczovL3RpbWVzb2ZpbmRpYS5pbmRpYXRpbWVzLmNvbS93b3JsZC9zb3V0aC1hc2lhL2FzLW5lcGFsLXBtLW9saS1mYWNlcy1jYWxscy10by1zdGVwLWRvd24tY2hpbmEtdG8taGlzLXJlc2N1ZS9hcnRpY2xlc2hvdy83Njg0MDc5MS5jbXPSAYUBaHR0cHM6Ly9tLnRpbWVzb2ZpbmRpYS5jb20vd29ybGQvc291dGgtYXNpYS9hcy1uZXBhbC1wbS1vbGktZmFjZXMtY2FsbHMtdG8tc3RlcC1kb3duLWNoaW5hLXRvLWhpcy1yZXNjdWUvYW1wX2FydGljbGVzaG93Lzc2ODQwNzkxLmNtcw?oc=5
Explained: How US govt’s new guidelines for foreign students affect Indians - The Indian Express,"Tue, 07 Jul 2020 11:12:34 GMT",https://news.google.com/__i/rss/rd/articles/CBMibWh0dHBzOi8vaW5kaWFuZXhwcmVzcy5jb20vYXJ0aWNsZS9leHBsYWluZWQvdW5pdGVkLXN0YXRlcy1pbnRlcm5hdGlvbmFsLXN0dWRlbnRzLXZpc2Etb25saW5lLWNsYXNzZXMtNjQ5NDA1Ni_SAXJodHRwczovL2luZGlhbmV4cHJlc3MuY29tL2FydGljbGUvZXhwbGFpbmVkL3VuaXRlZC1zdGF0ZXMtaW50ZXJuYXRpb25hbC1zdHVkZW50cy12aXNhLW9ubGluZS1jbGFzc2VzLTY0OTQwNTYvbGl0ZS8?oc=5
"Market Movers: Bajaj twins, IndusInd rock; IT in demand; 'buy’ signals in 90 stocks - Economic Times","Tue, 07 Jul 2020 11:30:12 GMT",https://news.google.com/__i/rss/rd/articles/CBMinwFodHRwczovL2Vjb25vbWljdGltZXMuaW5kaWF0aW1lcy5jb20vbWFya2V0cy9zdG9ja3MvbmV3cy9tYXJrZXQtbW92ZXJzLWJhamFqLXR3aW5zLWluZHVzaW5kLXJvY2staXQtaW4tZGVtYW5kLWJ1eS1zaWduYWxzLWluLTkwLXN0b2Nrcy9hcnRpY2xlc2hvdy83NjgzNDc0Ny5jbXPSAZoBaHR0cHM6Ly9tLmVjb25vbWljdGltZXMuY29tL21hcmtldHMvc3RvY2tzL25ld3MvbWFya2V0LW1vdmVycy1iYWphai10d2lucy1pbmR1c2luZC1yb2NrLWl0LWluLWRlbWFuZC1idXktc2lnbmFscy1pbi05MC1zdG9ja3MvYW1wX2FydGljbGVzaG93Lzc2ODM0NzQ3LmNtcw?oc=5
"After eight days, diesel price hiked again; petrol remains unchanged - Hindustan Times","Tue, 07 Jul 2020 11:31:00 GMT",https://news.google.com/__i/rss/rd/articles/CBMijgFodHRwczovL3d3dy5oaW5kdXN0YW50aW1lcy5jb20vaW5kaWEtbmV3cy9hZnRlci1laWdodC1kYXlzLWRpZXNlbC1wcmljZS1oaWtlZC1hZ2Fpbi1wZXRyb2wtcmVtYWlucy11bmNoYW5nZWQvc3RvcnktSGhnWDljblExRFl5blVZZ3dQTGwyTy5odG1s0gGQAWh0dHBzOi8vbS5oaW5kdXN0YW50aW1lcy5jb20vaW5kaWEtbmV3cy9hZnRlci1laWdodC1kYXlzLWRpZXNlbC1wcmljZS1oaWtlZC1hZ2Fpbi1wZXRyb2wtcmVtYWlucy11bmNoYW5nZWQvc3RvcnktSGhnWDljblExRFl5blVZZ3dQTGwyT19hbXAuaHRtbA?oc=5
Rupee jumps to 74.50 against US dollar but fails to hold gains - Livemint,"Mon, 06 Jul 2020 07:42:10 GMT",https://news.google.com/__i/rss/rd/articles/CBMihAFodHRwczovL3d3dy5saXZlbWludC5jb20vbWFya2V0L3N0b2NrLW1hcmtldC1uZXdzL3J1cGVlLWp1bXBzLXRvLTc0LTUwLWFnYWluc3QtdXMtZG9sbGFyLWJ1dC1mYWlscy10by1ob2xkLWdhaW5zLTExNTk0MDE5NjMxMDA5Lmh0bWzSAYgBaHR0cHM6Ly93d3cubGl2ZW1pbnQuY29tL21hcmtldC9zdG9jay1tYXJrZXQtbmV3cy9ydXBlZS1qdW1wcy10by03NC01MC1hZ2FpbnN0LXVzLWRvbGxhci1idXQtZmFpbHMtdG8taG9sZC1nYWlucy9hbXAtMTE1OTQwMTk2MzEwMDkuaHRtbA?oc=5
Covid-19 impact: 50% pay cut at Bajaj Autos Waluj plant in Aurangabad - Business Standard,"Mon, 06 Jul 2020 22:02:04 GMT",https://news.google.com/__i/rss/rd/articles/CBMijQFodHRwczovL3d3dy5idXNpbmVzcy1zdGFuZGFyZC5jb20vYXJ0aWNsZS9hdXRvbW9iaWxlL2NvdmlkLTE5LWltcGFjdC01MC1wYXktY3V0LWF0LWJhamFqLWF1dG8tcy13YWx1ai1wbGFudC1pbi1hdXJhbmdhYmFkLTEyMDA3MDYwMTY5MV8xLmh0bWzSAZEBaHR0cHM6Ly93YXAuYnVzaW5lc3Mtc3RhbmRhcmQuY29tL2FydGljbGUtYW1wL2F1dG9tb2JpbGUvY292aWQtMTktaW1wYWN0LTUwLXBheS1jdXQtYXQtYmFqYWotYXV0by1zLXdhbHVqLXBsYW50LWluLWF1cmFuZ2FiYWQtMTIwMDcwNjAxNjkxXzEuaHRtbA?oc=5
OnePlus will reveal its latest smartphone in AR on July 21st - Engadget,"Tue, 07 Jul 2020 17:35:26 GMT",https://news.google.com/__i/rss/rd/articles/CBMiWGh0dHBzOi8vd3d3LmVuZ2FkZ2V0LmNvbS9vbmVwbHVzLW5vcmQtbGF1bmNoLWV2ZW50LWRhdGUtYXVnbWVudGVkLXJlYWxpdHktMTYzODM0OTU5Lmh0bWzSAQA?oc=5
"Editorji Tech Wrap: Poco M2 Pro launched, TikTok to exit Hong Kong & more - Hindustan Times","Tue, 07 Jul 2020 15:16:26 GMT",https://news.google.com/__i/rss/rd/articles/CBMiK2h0dHBzOi8vd3d3LnlvdXR1YmUuY29tL3dhdGNoP3Y9MFhwbDdnLTc4dFXSAQA?oc=5
"Aarogya Setu App New Feature: Delete Account, Erase Data & Share Health Status - OdishaBytes","Tue, 07 Jul 2020 14:20:00 GMT",https://news.google.com/__i/rss/rd/articles/CBMiY2h0dHBzOi8vb2Rpc2hhYnl0ZXMuY29tL2Fhcm9neWEtc2V0dS1hcHAtbmV3LWZlYXR1cmUtZGVsZXRlLWFjY291bnQtZXJhc2UtZGF0YS1zaGFyZS1oZWFsdGgtc3RhdHVzL9IBAA?oc=5
Moto G 5G Plus offers fast data and a 90Hz display for €349 - Android Authority,"Tue, 07 Jul 2020 15:10:29 GMT",https://news.google.com/__i/rss/rd/articles/CBMiQWh0dHBzOi8vd3d3LmFuZHJvaWRhdXRob3JpdHkuY29tL21vdG9yb2xhLW1vdG8tZy01Zy1wbHVzLTExMzU2NzMv0gEA?oc=5
Sushant Singh Rajput case: Shekhar Suman feels disheartened as 'there is no family and political support' - Times of India,"Tue, 07 Jul 2020 14:17:00 GMT",https://news.google.com/__i/rss/rd/articles/CBMi6QFodHRwczovL3RpbWVzb2ZpbmRpYS5pbmRpYXRpbWVzLmNvbS9lbnRlcnRhaW5tZW50L2hpbmRpL2JvbGx5d29vZC9uZXdzL3N1c2hhbnQtc2luZ2gtcmFqcHV0LWNhc2Utc2hla2hhci1zdW1hbi1mZWVscy1kaXNoZWFydGVuZWQtYXMtdGhlcmUtaXMtbm8tZmFtaWx5LWFuZC1wb2xpdGljYWwtc3VwcG9ydC10by1icmluZy1qdXN0aWNlLXRvLXRoZS1sYXRlLWFjdG9yL2FydGljbGVzaG93Lzc2ODM3NzAzLmNtc9IB5AFodHRwczovL20udGltZXNvZmluZGlhLmNvbS9lbnRlcnRhaW5tZW50L2hpbmRpL2JvbGx5d29vZC9uZXdzL3N1c2hhbnQtc2luZ2gtcmFqcHV0LWNhc2Utc2hla2hhci1zdW1hbi1mZWVscy1kaXNoZWFydGVuZWQtYXMtdGhlcmUtaXMtbm8tZmFtaWx5LWFuZC1wb2xpdGljYWwtc3VwcG9ydC10by1icmluZy1qdXN0aWNlLXRvLXRoZS1sYXRlLWFjdG9yL2FtcF9hcnRpY2xlc2hvdy83NjgzNzcwMy5jbXM?oc=5
"When Mira Rajput stood up for Shahid Kapoor on Koffee with Karan, left Karan Johar speechless. Watch - Hindustan Times","Tue, 07 Jul 2020 12:43:50 GMT",https://news.google.com/__i/rss/rd/articles/CBMirQFodHRwczovL3d3dy5oaW5kdXN0YW50aW1lcy5jb20vYm9sbHl3b29kL3doZW4tbWlyYS1yYWpwdXQtc3Rvb2QtdXAtZm9yLXNoYWhpZC1rYXBvb3Itb24ta29mZmVlLXdpdGgta2FyYW4tbGVmdC1rYXJhbi1qb2hhci1zcGVlY2hsZXNzLXdhdGNoL3N0b3J5LTZidXMxT1lpNDZWZ3F6bHZRUm1vY0wuaHRtbNIBrwFodHRwczovL20uaGluZHVzdGFudGltZXMuY29tL2JvbGx5d29vZC93aGVuLW1pcmEtcmFqcHV0LXN0b29kLXVwLWZvci1zaGFoaWQta2Fwb29yLW9uLWtvZmZlZS13aXRoLWthcmFuLWxlZnQta2FyYW4tam9oYXItc3BlZWNobGVzcy13YXRjaC9zdG9yeS02YnVzMU9ZaTQ2Vmdxemx2UVJtb2NMX2FtcC5odG1s?oc=5
"Aamir Khan, wife Kiran Rao show off grey hair as they make rare outdoor appearance. See pics - Hindustan Times","Tue, 07 Jul 2020 12:28:04 GMT",https://news.google.com/__i/rss/rd/articles/CBMipQFodHRwczovL3d3dy5oaW5kdXN0YW50aW1lcy5jb20vYm9sbHl3b29kL2FhbWlyLWtoYW4td2lmZS1raXJhbi1yYW8tc2hvdy1vZmYtZ3JleS1oYWlyLWFzLXRoZXktbWFrZS1yYXJlLW91dGRvb3ItYXBwZWFyYW5jZS1zZWUtcGljcy9zdG9yeS04Mnh4Q3dhUjhNd0l5T0Z5VGdERm5KLmh0bWzSAacBaHR0cHM6Ly9tLmhpbmR1c3RhbnRpbWVzLmNvbS9ib2xseXdvb2QvYWFtaXIta2hhbi13aWZlLWtpcmFuLXJhby1zaG93LW9mZi1ncmV5LWhhaXItYXMtdGhleS1tYWtlLXJhcmUtb3V0ZG9vci1hcHBlYXJhbmNlLXNlZS1waWNzL3N0b3J5LTgyeHhDd2FSOE13SXlPRnlUZ0RGbkpfYW1wLmh0bWw?oc=5
Sushant Singh Rajput's Dialogue from 'Dil Bechara' is Breaking Hearts - News18,"Tue, 07 Jul 2020 11:38:00 GMT",https://news.google.com/__i/rss/rd/articles/CBMicGh0dHBzOi8vd3d3Lm5ld3MxOC5jb20vbmV3cy9idXp6L3N1c2hhbnQtc2luZ2gtcmFqcHV0cy1kaWFsb2d1ZS1mcm9tLWRpbC1iZWNoYXJhLWlzLWJyZWFraW5nLWhlYXJ0cy0yNzA1MjA1Lmh0bWzSAXRodHRwczovL3d3dy5uZXdzMTguY29tL2FtcC9uZXdzL2J1enovc3VzaGFudC1zaW5naC1yYWpwdXRzLWRpYWxvZ3VlLWZyb20tZGlsLWJlY2hhcmEtaXMtYnJlYWtpbmctaGVhcnRzLTI3MDUyMDUuaHRtbA?oc=5
"MS Dhoni says no to brand endorsements amid pandemic, keeps busy with organic farming - The Indian Express","Tue, 07 Jul 2020 13:38:58 GMT",https://news.google.com/__i/rss/rd/articles/CBMijgFodHRwczovL2luZGlhbmV4cHJlc3MuY29tL2FydGljbGUvc3BvcnRzL2NyaWNrZXQvbXMtZGhvbmktc2F5cy1uby10by1icmFuZC1lbmRvcnNlbWVudHMtYW1pZC1wYW5kZW1pYy1rZWVwcy1idXN5LXdpdGgtb3JnYW5pYy1mYXJtaW5nLTY0OTQ2MTAv0gGTAWh0dHBzOi8vaW5kaWFuZXhwcmVzcy5jb20vYXJ0aWNsZS9zcG9ydHMvY3JpY2tldC9tcy1kaG9uaS1zYXlzLW5vLXRvLWJyYW5kLWVuZG9yc2VtZW50cy1hbWlkLXBhbmRlbWljLWtlZXBzLWJ1c3ktd2l0aC1vcmdhbmljLWZhcm1pbmctNjQ5NDYxMC9saXRlLw?oc=5
'Do it your way' - Joe Root's message for Ben Stokes | ESPNcricinfo.com - ESPNcricinfo,"Tue, 07 Jul 2020 17:06:50 GMT",https://news.google.com/__i/rss/rd/articles/CBMiWGh0dHBzOi8vd3d3LmVzcG5jcmljaW5mby5jb20vc3RvcnkvXy9pZC8yOTQyMjU1MS9kby15b3VyLXdheS1qb2Utcm9vdC1tZXNzYWdlLWJlbi1zdG9rZXPSAWVodHRwczovL3d3dy5lc3BuY3JpY2luZm8uY29tL3N0b3J5L18vaWQvMjk0MjI1NTEvZG8teW91ci13YXktam9lLXJvb3QtbWVzc2FnZS1iZW4tc3Rva2VzP3BsYXRmb3JtPWFtcA?oc=5
Punjab police arrest one on match-fixing allegations in Mohali T20 - Cricbuzz - Cricbuzz,"Tue, 07 Jul 2020 08:34:42 GMT",https://news.google.com/__i/rss/rd/articles/CBMie2h0dHBzOi8vd3d3LmNyaWNidXp6LmNvbS9jcmlja2V0LW5ld3MvMTEzMzkyL3B1bmphYi1wb2xpY2UtYXJyZXN0LW9uZS1vbi1tYXRjaC1maXhpbmctYWxsZWdhdGlvbnMtaW4tbW9oYWxpLXQyMC1jcmljYnV6emNvbdIBfGh0dHA6Ly9tLmNyaWNidXp6LmNvbS9hbXAvY3JpY2tldC1uZXdzLzExMzM5Mi9wdW5qYWItcG9saWNlLWFycmVzdC1vbmUtb24tbWF0Y2gtZml4aW5nLWFsbGVnYXRpb25zLWluLW1vaGFsaS10MjAtY3JpY2J1enpjb20?oc=5
Lionel Messi set to depart after Barcelona fail to meet his ultimatum - Everything Barca,"Tue, 07 Jul 2020 10:46:49 GMT",https://news.google.com/__i/rss/rd/articles/CBMiXWh0dHBzOi8vZXZlcnl0aGluZ2JhcmNhLmNvbS8yMDIwLzA3LzA3L2xpb25lbC1tZXNzaS1zZXQtZGVwYXJ0LWJhcmNlbG9uYS1mYWlsLW1lZXQtdWx0aW1hdHVtL9IBYWh0dHBzOi8vZXZlcnl0aGluZ2JhcmNhLmNvbS8yMDIwLzA3LzA3L2xpb25lbC1tZXNzaS1zZXQtZGVwYXJ0LWJhcmNlbG9uYS1mYWlsLW1lZXQtdWx0aW1hdHVtL2FtcC8?oc=5
Where did the Lithium in our smartphone batteries come from? - Deccan Herald,"Tue, 07 Jul 2020 16:26:10 GMT",https://news.google.com/__i/rss/rd/articles/CBMifGh0dHBzOi8vd3d3LmRlY2NhbmhlcmFsZC5jb20vc2NpZW5jZS1hbmQtZW52aXJvbm1lbnQvd2hlcmUtZGlkLXRoZS1saXRoaXVtLWluLW91ci1zbWFydHBob25lLWJhdHRlcmllcy1jb21lLWZyb20tODU4MzA5Lmh0bWzSAYABaHR0cHM6Ly93d3cuZGVjY2FuaGVyYWxkLmNvbS9hbXAvc2NpZW5jZS1hbmQtZW52aXJvbm1lbnQvd2hlcmUtZGlkLXRoZS1saXRoaXVtLWluLW91ci1zbWFydHBob25lLWJhdHRlcmllcy1jb21lLWZyb20tODU4MzA5Lmh0bWw?oc=5
A Simple Equation Shows Why the Moon Is Part of Plans to Explore Space More - The Wire,"Tue, 07 Jul 2020 10:59:00 GMT",https://news.google.com/__i/rss/rd/articles/CBMidWh0dHBzOi8vc2NpZW5jZS50aGV3aXJlLmluL3RoZS1zY2llbmNlcy90c2lvbGtvdnNreS1yb2NrZXQtZXF1YXRpb24tZ3Jhdml0eS13ZWxsLWx1bmFyLWJhc2Utc29sYXItc3lzdGVtLWV4cGxvcmF0aW9uL9IBAA?oc=5
We Persevere - NASA,"Tue, 07 Jul 2020 12:59:09 GMT",https://news.google.com/__i/rss/rd/articles/CBMiK2h0dHBzOi8vd3d3LnlvdXR1YmUuY29tL3dhdGNoP3Y9NnFBOWlhQVVvOGvSAQA?oc=5
‘Last night fireworks’: Astronauts capture photos of comet NEOWISE from space - Hindustan Times,"Tue, 07 Jul 2020 10:58:00 GMT",https://news.google.com/__i/rss/rd/articles/CBMikwFodHRwczovL3d3dy5oaW5kdXN0YW50aW1lcy5jb20vc2NpZW5jZS9sYXN0LW5pZ2h0LWZpcmV3b3Jrcy1hc3Ryb25hdXRzLWNhcHR1cmUtcGhvdG9zLW9mLWNvbWV0LW5lb3dpc2UtZnJvbS1zcGFjZS9zdG9yeS1XZkxOSmtseXRoVTk1SFkzeGladTlOLmh0bWzSAZUBaHR0cHM6Ly9tLmhpbmR1c3RhbnRpbWVzLmNvbS9zY2llbmNlL2xhc3QtbmlnaHQtZmlyZXdvcmtzLWFzdHJvbmF1dHMtY2FwdHVyZS1waG90b3Mtb2YtY29tZXQtbmVvd2lzZS1mcm9tLXNwYWNlL3N0b3J5LVdmTE5Ka2x5dGhVOTVIWTN4aVp1OU5fYW1wLmh0bWw?oc=5
WHO acknowledges `emerging evidence` on airborne coronavirus transmission - WION,"Tue, 07 Jul 2020 17:19:35 GMT",https://news.google.com/__i/rss/rd/articles/CBMibGh0dHBzOi8vd3d3Lndpb25ld3MuY29tL3dvcmxkL3doby1hY2tub3dsZWRnZXMtZW1lcmdpbmctZXZpZGVuY2Utb24tYWlyYm9ybmUtY29yb25hdmlydXMtdHJhbnNtaXNzaW9uLTMxMTQ0ONIBcGh0dHBzOi8vd3d3Lndpb25ld3MuY29tL3dvcmxkL3doby1hY2tub3dsZWRnZXMtZW1lcmdpbmctZXZpZGVuY2Utb24tYWlyYm9ybmUtY29yb25hdmlydXMtdHJhbnNtaXNzaW9uLTMxMTQ0OC9hbXA?oc=5
Compounds that halt reproduction of Covid-19 virus identified - Livemint,"Tue, 07 Jul 2020 11:37:32 GMT",https://news.google.com/__i/rss/rd/articles/CBMieWh0dHBzOi8vd3d3LmxpdmVtaW50LmNvbS9zY2llbmNlL2hlYWx0aC9jb21wb3VuZHMtdGhhdC1oYWx0LXJlcHJvZHVjdGlvbi1vZi1jb3ZpZC0xOS12aXJ1cy1pZGVudGlmaWVkLTExNTk0MTIwODEyMDcxLmh0bWzSAX1odHRwczovL3d3dy5saXZlbWludC5jb20vc2NpZW5jZS9oZWFsdGgvY29tcG91bmRzLXRoYXQtaGFsdC1yZXByb2R1Y3Rpb24tb2YtY292aWQtMTktdmlydXMtaWRlbnRpZmllZC9hbXAtMTE1OTQxMjA4MTIwNzEuaHRtbA?oc=5
"Gagandeep Kang quits top government research institute, says decision not linked to Covid-19 vaccine - Scroll.in","Tue, 07 Jul 2020 04:39:00 GMT",https://news.google.com/__i/rss/rd/articles/CBMigwFodHRwczovL3Njcm9sbC5pbi9sYXRlc3QvOTY2NzIxL2dhZ2FuZGVlcC1rYW5nLXF1aXRzLXRvcC1nb3Zlcm5tZW50LXJlc2VhcmNoLWluc3RpdHV0ZS1zYXlzLWRlY2lzaW9uLW5vdC1saW5rZWQtdG8tY292aWQtMTktdmFjY2luZdIBhwFodHRwczovL2FtcC5zY3JvbGwuaW4vbGF0ZXN0Lzk2NjcyMS9nYWdhbmRlZXAta2FuZy1xdWl0cy10b3AtZ292ZXJubWVudC1yZXNlYXJjaC1pbnN0aXR1dGUtc2F5cy1kZWNpc2lvbi1ub3QtbGlua2VkLXRvLWNvdmlkLTE5LXZhY2NpbmU?oc=5
China Bubonic Plague: Is there a threat of bubonic plague after Covid-19? - Times of India,"Tue, 07 Jul 2020 14:16:00 GMT",https://news.google.com/__i/rss/rd/articles/CBMidWh0dHBzOi8vdGltZXNvZmluZGlhLmluZGlhdGltZXMuY29tL3dvcmxkL2lzLXRoZXJlLWEtdGhyZWF0LW9mLWJ1Ym9uaWMtcGxhZ3VlLWFmdGVyLWNvdmlkLTE5L2FydGljbGVzaG93Lzc2ODMwODQzLmNtc9IBcGh0dHBzOi8vbS50aW1lc29maW5kaWEuY29tL3dvcmxkL2lzLXRoZXJlLWEtdGhyZWF0LW9mLWJ1Ym9uaWMtcGxhZ3VlLWFmdGVyLWNvdmlkLTE5L2FtcF9hcnRpY2xlc2hvdy83NjgzMDg0My5jbXM?oc=5
